CompanyId,CompanyName,TickerSymbol,FinancesCurrency,Updated MarketCapitalizationInUsd,MarketCapitalization in Native Currency,Upaded FinancesCurrentAsOf,Peers,Original MarketCapitalizationInUsd
7,"3ds.com, the 3DEXPERIENCE Company",DSY-FR,EUR,34692339531.35,30967008417.31,2019-05-15T00:00:00.000Z,"['ESI-FR', 'IGE-FR', 'DLT-FR', 'ALEZV-FR']",20404643490
10,3M,MMM-US,USD,100367418048.72,100367418048.72,2019-05-15T00:00:00.000Z,"['HON-US', 'DHR-US', 'GE-US', 'ITW-US', 'JNJ-US', 'XRAY-US', 'AMZN-US', 'HPQ-US', 'ALGN-US', 'GLW-US']",114000000000
29,AAK AB,AAK-SE,SEK,42385763550.0,407059207387.59,2019-05-15T00:00:00.000Z,"['SWMA-SE', 'OEL-DE', 'AJWA-EG', 'UFC-AE']",2961168760
45,Abengoa,ABG-ES,USD,31438550.83,31438550.83,2019-05-15T00:00:00.000Z,"['ELE-ES', 'REE-ES', 'TRE-ES', 'CFEB-BE']",260536565.5
55,Accenture,ACN-US,USD,117601103292.2,117601103292.2,2019-05-15T00:00:00.000Z,"['CTSH-US', 'IBM-US', 'INFY-US', 'WIT-US', 'EBAY-US', 'ERIC-US', 'NOK-US', 'SAP-US', 'XRX-US', 'G-US']",65450000000
75,Adecoagro,AGRO-US,USD,769267613.4,769267613.4,2019-05-15T00:00:00.000Z,"['BG-US', 'SEB-US', 'CRESY-US']",1360000000
79,Adidas,ADS-DE,USD,44997114540.3,44997114540.3,2019-05-15T00:00:00.000Z,"['PUM-DE', 'US5-DE', 'ML2-DE', 'TTI-DE']",43567551720
92,Aeon,8267-JP,USD,15126587499.11,15126587499.11,2019-05-15T00:00:00.000Z,"['3382-JP', '3099-JP', '8252-JP', '8251-JP']",12149280000
145,Ahlstrom,AM1-FI,USD,1356334741.18,1356334741.18,2019-05-15T00:00:00.000Z,"['RAKT-EG', 'SAP-ZA', 'NVG-PT', 'NPKZ-ZW']",651254539.3
146,Ahold Delhaize,AD-NL,USD,20702150363.09,20702150363.09,2019-05-15T00:00:00.000Z,"['MGNT-RU', 'MGNT-GB', 'MGROS-TR', 'MRW-GB']",28473110820
1106,Delhaize Group,AD-NL,USD,20702150363.09,20702150363.09,2019-05-15T00:00:00.000Z,"['MGNT-RU', 'MGNT-GB', 'MGROS-TR', 'MRW-GB']",10359781740
3421,Royal Ahold,AD-NL,USD,20702150363.09,20702150363.09,2019-05-15T00:00:00.000Z,"['MGNT-RU', 'MGNT-GB', 'MGROS-TR', 'MRW-GB']",18091610460
155,Aimia Loyalty Analytics,AIM-CA,USD,470761524.15,470761524.15,2019-05-15T00:00:00.000Z,"['EQ-CA', 'BTV-CA', 'PTS-CA', 'YOO-CA', 'ADS-US']",959002640
158,Air France KLM S.A.,AF-FR,USD,3164087872.49,3164087872.49,2019-05-15T00:00:00.000Z,"['LHA-DE', 'AB1-DE', 'FIA1S-FI']",2302173720
164,Ajinomoto,2802-JP,USD,9500097161.96,9500097161.96,2019-05-15T00:00:00.000Z,"['2812-JP', '2810-JP', '2801-JP', '2806-JP', '2809-JP', '2917-JP', 'INDF-ID', '600866-CN']",10714990000
167,AKITA,8343-JP,JPY,35578537132.0,3900205431742.88,2019-05-15T00:00:00.000Z,"['8336-JP', '8304-JP', '8342-JP', '8386-JP', '8393-JP']",623831780
210,Alliant Energy Corporation,LN-US,USD,7957684151.92,7957684151.92,2019-05-15T00:00:00.000Z,"['PERI-US', 'PBYA-US', 'PIKL-US', 'PINS-US']",8780000000
216,Almacenes Exito,EXITO-CO,USD,2160436831893.3,2160436831893.3,2019-05-15T00:00:00.000Z,"['INRETC1-PE', 'SUPERC1-PE', 'CHDRAUIB-MX', 'CENCOSUD-CL']",1994700000
242,Amcor,AMC-AU,USD,18975734800.0,18975734800.0,2019-05-15T00:00:00.000Z,"['PPG-AU', 'ORA-AU', 'AJL-AU']",12452984640
260,Anadalu Efes,AEFES-TR,USD,1744404678.92,1744404678.92,2019-05-15T00:00:00.000Z,"['TBORG-TR', 'TATGD-TR', 'ZWC-PL', 'RBREW-DK']",3957631920
269,Anglo-Eastern Plantations,AEP-GB,GBP,187083675.84,146058194.6,2019-05-15T00:00:00.000Z,"['MPE-GB', 'PAL-GB', 'SIP-BE', 'DKL-GB']",437852530.6
270,Anheuser-Busch InBev,BUD-US,USD,136704907625.89,136704907625.89,2019-05-15T00:00:00.000Z,"['HEINY-US', 'SAM-US', 'CCU-US', 'KNBWY-US', 'DEO-US', 'TAP-US']",190863232560
295,Apple Inc,AAPL-US,USD,878437239000.0,878437239000.0,2019-05-15T00:00:00.000Z,"['HPQ-US', 'MSFT-US', 'IBM-US', 'GOOGL-US']",729220000000
302,Arata,2733-JP,USD,672050903.91,672050903.91,2019-05-15T00:00:00.000Z,"['8283-JP', '7506-JP', '9852-JP', '7444-JP']",326765010
4430,Arata,2733-JP,USD,672050903.91,672050903.91,2019-05-15T00:00:00.000Z,"['8283-JP', '7506-JP', '9852-JP', '7444-JP']",
310,Archer Daniels Midland,ADM-US,USD,22955569732.08,22955569732.08,2019-05-15T00:00:00.000Z,"['BG-US', 'INGR-US', 'BRFS3-BR', 'THS-US', 'MGPI-US', 'BRFS-US', 'CZZ-US', 'BRK.A-US', 'TSN-US', 'SEB-US']",23690000000
313,Arcos Dorados Holdings,ARCO-US,USD,848775320.85,848775320.85,2019-05-15T00:00:00.000Z,"['TAST-US', 'WEN-US', 'YUM-US', 'MCD-US', 'GTIM-US', 'JACK-US']",1910000000
341,Asahi Group Holdings,2502-JP,USD,19955005131.2,19955005131.2,2019-05-15T00:00:00.000Z,"['2501-JP', '2503-JP', '2531-JP', '2579-JP']",17548960000
357,Asics,7936-JP,JPY,248524209747.0,27243825938617.73,2019-05-15T00:00:00.000Z,"['8022-JP', '8135-JP', '7990-JP', '7906-JP']",4106372270
361,ASOS,ASC-GB,USD,2407831061.55,2407831061.55,2019-05-15T00:00:00.000Z,"['BOO-GB', 'OCDO-GB', 'KOOV-GB']",8627139430
370,Associated British Foods,ABF-GB,USD,15558630874.83,15558630874.83,2019-05-15T00:00:00.000Z,"['TATE-GB', 'RGD-GB', 'PFD-GB', 'ULVR-GB', 'UNA-NL', 'KRZ-IE', 'SZU-DE']",30216591860
375,Astra Agro Lestari,AALI-ID,USD,1398835984876.8,1398835984876.8,2019-05-15T00:00:00.000Z,"['MAGP-ID', 'SSMS-ID', 'TBLA-ID', 'GZCO-ID']",2051280000
383,Atria Group,ATRAV-FI,USD,124172875.93,124172875.93,2019-05-15T00:00:00.000Z,"['HKSAV-FI', 'FLE-FR', 'TERB-BE', 'BELL-CH']",392922413.7
390,Austindo Nusantara Jaya,ANJT-ID,USD,3030027430020.0,3030027430020.0,2019-05-15T00:00:00.000Z,"['LSIP-ID', 'SMAR-ID', 'BTEK-ID', '508670-IN']",0
395,Autodesk\A0,ADSK-US,USD,38159413768.0,38159413768.0,2019-05-15T00:00:00.000Z,"['ADBE-US', 'SNPS-US', 'RHT-US', 'NUAN-US', 'ANSS-US', 'PTC-US', 'TRMB-US', 'DDD-US', 'FFIV-US', 'AAPL-US']",13270000000
403,Avon,AVP-US,USD,1433151000.0,1433151000.0,2019-05-15T00:00:00.000Z,"['EL-US', 'REV-US', 'CL-US', 'COTY-US', 'NUS-US', 'PG-US', 'KMB-US', 'UL-US', 'FOSL-US', 'NATU3-BR']",1850000000
406,AXA Group,CS-FR,EUR,53016572387.64,47323549393.42,2019-05-15T00:00:00.000Z,"['CNP-FR', 'TLX-DE', 'VIG-AT', 'UQA-AT']",185034240
410,Axfood,AXFO-SE,USD,4002395796.42,4002395796.42,2019-05-15T00:00:00.000Z,"['ICA-SE', 'MSH-DE', 'CO-FR', 'RMLI-IL']",3518420708
441,Bakrie Sumatera Plantations,UNSP-ID,USD,18215468506.29,18215468506.29,2019-05-15T00:00:00.000Z,"['AALI-ID', 'GZCO-ID', 'LSIP-ID', 'SGRO-ID', 'MAQ-AU']",0
460,Barclay's,BARC-GB,USD,21377502996.9,21377502996.9,2019-05-15T00:00:00.000Z,"['RBS-GB', 'HSBA-GB', 'LLOY-GB', 'CBG-GB', 'DBK-DE']",46721937080
467,Barry Callebaut Group,BARN-CH,CHF,10116382859.0,10209392538.04,2019-05-15T00:00:00.000Z,"['NESN-CH', 'LISN-CH', 'HOCN-CH', 'ORON-CH', 'EMMN-CH', 'BELL-CH', 'ARYN-CH', 'VALN-CH']",7353202350
469,BASF,BAS-DE,EUR,58387690577.58,52117906431.46,2019-05-15T00:00:00.000Z,"['AI-FR', 'LXS-DE', 'TESB-BE', 'WCH-DE']",81564277410
477,Bayer,BAYN-DE,EUR,52642558367.8,46989697728.84,2019-05-15T00:00:00.000Z,"['GSK-GB', 'SAN-FR', 'NOVN-CH', 'RO-CH']",30775284540
487,Beiersdorf,BEI-DE,EUR,22727262196.8,20286764434.4,2019-05-15T00:00:00.000Z,"['OR-FR', 'SUY1V-FI', 'CRL-GB', 'ILE-ZA']",24107668200
488,Beijing Hualian Group,000882-CN,CNY,7445597295.84,51219302579.52,2019-05-15T00:00:00.000Z,"['600694-CN', '600697-CN', '600828-CN', '600838-CN', '600682-CN', '600821-CN', '600858-CN', '000501-CN', '000564-CN']",1464317920
491,BEL Group,FBEL-FR,USD,1854246646.43,1854246646.43,2019-05-15T00:00:00.000Z,"['UNBL-FR', 'FLE-FR', 'BN-FR']",3627009540
524,Best Buy,BBY-US,USD,18180800728.74,18180800728.74,2019-05-15T00:00:00.000Z,"['CONN-US', 'GME-US', 'AAN-US', 'AMZN-US', 'AAPL-US', 'SNE-US', 'VVAR3-BR', 'VOXX-US']",10100000000
527,Better Life Commercial Chain,002251-CN,CNY,7369099849.03,50693065970.29,2019-05-15T00:00:00.000Z,"['600361-CN', '000759-CN', '600861-CN', '600827-CN']",155260320
533,BIC,BB-FR,EUR,3395451086.5,3030840923.29,2019-05-15T00:00:00.000Z,"['DPT-FR', 'ALMAS-FR', 'ALFPC-FR', 'BEN-FR']",6113791530
543,BillerudKorsnas,BILL-SE,USD,2584242381.14,2584242381.14,2019-05-15T00:00:00.000Z,"['RROS-SE', 'DUNI-SE', 'BONG-SE']",3091034320
579,BMW Group,BMW-DE,EUR,42139663720.0,37614624402.62,2019-05-15T00:00:00.000Z,"['DAI-DE', 'NSU-DE', 'VOW-DE']",
592,Bongrain - Name changed to Groupe Savencia,SAVE-FR,USD,806022923.86,806022923.86,2019-05-15T00:00:00.000Z,"['UNBL-FR', 'EMMN-CH', 'FBEL-FR', 'SMB-DE']",900130000
612,Boustead Plantations Berhad,MHC-MY,USD,29700815.81,29700815.81,2019-05-15T00:00:00.000Z,"['KGAL.N00-LK', 'MADU.N00-LK', 'HRC-VN', 'HARRMALA-IN']",
615,Bouygues\A0Group,EN-FR,EUR,12258681751.88,10942320585.0,2019-05-15T00:00:00.000Z,"['FGR-FR', 'DG-FR', 'RE-FR', 'GBF-DE', 'HOT-DE']",17657238060
626,Brambles,BXB-AU,AUD,19695839417.76,28503851153.83,2019-05-15T00:00:00.000Z,"['EAX-AU', 'CGL-AU', 'EGG-AU', 'SRV-AU']",10675993600
634,BRF,BRFS-US,BRL,6345274910.78,25365240704.0,2019-05-15T00:00:00.000Z,"['TSN-US', 'HRL-US', 'SEB-US', 'SAFM-US', 'BRID-US', 'UL-US', 'BG-US']",12700000000
664,Bumitama Agri,P8Z-SG,USD,882397110.4,882397110.4,2019-05-15T00:00:00.000Z,"['E5H-SG', 'EB5-SG', '5JS-SG', 'F34-SG']",
666,Bunge,BG-US,USD,7536522086.38,7536522086.38,2019-05-15T00:00:00.000Z,"['ADM-US', 'INGR-US', 'MOS-US', 'AGRO-US', 'CZZ-US', 'SEB-US']",11440000000
670,Burberry,BRBY-GB,USD,6126920616.29,6126920616.29,2019-05-15T00:00:00.000Z,"['NXT-GB', 'MUL-GB', 'ALY-GB', 'MKS-GB']",10917148060
671,Bureau Veritas Certification,BVI-FR,USD,8463035953.54,8463035953.54,2019-05-15T00:00:00.000Z,"['ALTRA-FR', 'INSE-GB', 'SEMC-SE', 'POY1V-FI']",8796041100
705,Campbell's,CPB-US,USD,11737579717.96,11737579717.96,2019-05-15T00:00:00.000Z,"['THS-US', 'HAIN-US', 'MDLZ-US', 'CAG-US', 'TSN-US', 'FLO-US', 'UL-US', 'MKC-US']",13100000000
715,CAPGEMINI,CAP-FR,USD,15535648864.41,15535648864.41,2019-05-15T00:00:00.000Z,"['ATO-FR', 'PTY-GB', 'CAS-FR', 'DVT-FR']",14801239530
840,CHS (CHSCP),CHS-US,USD,465488599.25,465488599.25,2019-05-15T00:00:00.000Z,"['LB-US', 'ASNA-US', 'CATO-US', 'FRAN-US', 'CACH-US']",226610510
858,Clariant,CLN-CH,CHF,6222871098.13,6280083962.8,2019-05-15T00:00:00.000Z,"['AKZA-NL', 'EMSN-CH', 'VLS-GB', 'BRG-NO']",5308992250
888,Colruyt Group,COLR-BE,USD,7347052748.19,7347052748.19,2019-05-15T00:00:00.000Z,"['FNTS-FR', 'MSH-DE', 'CO-FR', 'HAGA-IS']",7319174940
1322,Etablissements Fr. Colruyt,COLR-BE,USD,7347052748.19,7347052748.19,2019-05-15T00:00:00.000Z,"['FNTS-FR', 'MSH-DE', 'CO-FR', 'HAGA-IS']",8329090770
897,Companhia Brasileira de Distribuicao GPA,PCAR3-BR,USD,2344969178.51,2344969178.51,2019-05-15T00:00:00.000Z,"['KR-US', 'WMK-US', 'IMKTA-US', 'SUPERC1-PE']",4798900400
902,Compass Group,CPG-GB,USD,21870971369.45,21870971369.45,2019-05-15T00:00:00.000Z,"['DOC-AT', 'RTN-GB', 'MAB-GB', 'SW-FR']",35415919630
906,ConAgra Foods Conagra Brands Inc,CAG-US,USD,14091525604.0,14091525604.0,2019-05-15T00:00:00.000Z,"['GIS-US', 'THS-US', 'SJM-US', 'MDLZ-US', 'LANC-US', 'HAIN-US', 'PEP-US', 'DF-US']",13520000000
967,CostCo,COST-US,USD,107625502480.19,107625502480.19,2019-05-15T00:00:00.000Z,"['PSMT-US', 'WMT-US', 'DLTR-US', 'TGT-US', 'DG-US', 'BIG-US', 'JSAIY-US', 'FIVE-US']",69550000000
973,Coway Co Ltd\A0,021240-KR,KRW,5521823167500.0,6566104765731051.0,2019-05-15T00:00:00.000Z,"['600690-CN', '5947-JP', '002700-KR', '066570-KR']",6705920000
979,Cranswick,CWK-GB,USD,1133676090.75,1133676090.75,2019-05-15T00:00:00.000Z,"['PFD-GB', 'ABF-GB', 'HFG-GB']",1598685270
991,Croda International,CRDA-GB,GBP,6567938573.75,5127658765.51,2019-05-15T00:00:00.000Z,"['ELM-GB', 'IMCD-NL', 'EMSN-CH', 'BRG-NO']",5573794590
1040,Daewoo International Corporation,047050-KR,USD,2152891847950.0,2152891847950.0,2019-05-15T00:00:00.000Z,"['005490-KR', '078930-KR', '001250-KR', '012030-KR']",2471040000
1044,Dai Nippon Printing Co.,7912-JP,USD,6901723880.88,6901723880.88,2019-05-15T00:00:00.000Z,"['7914-JP', '7946-JP', '7911-JP', '7831-JP']",6882820230
1047,Dairy Farm International,D01-SG,USD,10145271210.0,10145271210.0,2019-05-15T00:00:00.000Z,"['HERO-ID', '2912-TW', 'RANC-ID', '601933-CN']",11620000000
1051,Daito Trust Construction Co.,1878-JP,JPY,946057805550.0,103709148531297.1,2019-05-15T00:00:00.000Z,"['1925-JP', '3231-JP', '1764-JP', '6059-JP']",11474320000
1052,Daiwa House Industry Co.,1925-JP,USD,18934598857.05,18934598857.05,2019-05-15T00:00:00.000Z,"['1928-JP', '9303-JP', '9635-JP', '3521-JP']",18223920000
1068,Danone,BN-FR,USD,40478408544.68,40478408544.68,2019-05-15T00:00:00.000Z,"['FBEL-FR', 'UNA-NL', 'NESN-CH']",42774822090
1074,"Darden Restaurants, Inc.",DRI-US,USD,14875153009.92,14875153009.92,2019-05-15T00:00:00.000Z,"['BJRI-US', 'CBRL-US', 'BLMN-US', 'DIN-US', 'DFRG-US', 'RUTH-US']",8920000000
1124,Deutsche Post DHL Group,DPW-DE,USD,31826277362.31,31826277362.31,2019-05-15T00:00:00.000Z,"['POST-AT', 'PNL-NL', 'ARMX-AE', 'LHA-DE']",42829118640
1130,Dharma Satya Nusantara,DSNG-ID,USD,274907000571.43,274907000571.43,2019-05-15T00:00:00.000Z,"['SULI-ID', '723-HK', '8163-HK', 'BRPT-ID']",0
1132,Diageo,DGE-GB,USD,61138264380.01,61138264380.01,2019-05-15T00:00:00.000Z,"['CPR-IT', 'DIS-GB', 'STCK-GB', 'FSTA-GB', 'RI-FR', 'DGE-GB', 'HEIA-NL']",87826871860
1159,Domino's,DPZ-US,USD,11372218503.03,11372218503.03,2019-05-15T00:00:00.000Z,"['YUM-US', 'PZZA-US', 'WEN-US', 'JACK-US', 'MCD-US', 'CMG-US', 'DENN-US', 'FRSH-US']",9970000000
1161,Domtar Corporation,UFS-CA,USD,3830835726.12,3830835726.12,2019-05-15T00:00:00.000Z,"['CFX-CA', 'CFP-CA', 'CAS-CA', 'KPT-CA']",3200000000
1162,Orsted,ORSTED-DK,USD,32450761399.3,32450761399.3,2019-05-15T00:00:00.000Z,"['00000747-LU', 'NVNG-RU', 'ODEN-UA', 'NNSB-RU']",16015821140
1178,Drax Group,DRX-GB,GBP,1337632093.43,1044303452.58,2019-05-15T00:00:00.000Z,"['SSE-GB', 'RUR-GB', 'OPG-GB', 'GOOD-GB']",1814723820
1182,DS Smith,SMDS-GB,GBP,4554463160.34,3555717320.45,2019-05-15T00:00:00.000Z,"['CRU-GB', 'MNDI-GB', 'RPC-GB']",5919456270
1190,Dunkin' Brands,DNKN-US,USD,6155434456.64,6155434456.64,2019-05-15T00:00:00.000Z,"['WEN-US', 'SBUX-US', 'MCD-US', 'SJM-US', 'DF-US']",4750000000
1191,Dupont,DWDP-US,USD,67616274525.8,67616274525.8,2019-05-15T00:00:00.000Z,"['INAG3-AR', 'IGNE-US', 'MBII-US', 'SNES-US']",55190000000
1211,Eagle High Plantations,BWPT-ID,IDR,4413540740000.0,6.377568339103042e+16,2019-05-15T00:00:00.000Z,"['SIMP-ID', 'P8Z-SG', 'BTEK-ID', 'UNSP-ID']",554184000
1222,EBARA FOODS,2819-JP,USD,202297914.14,202297914.14,2019-05-15T00:00:00.000Z,"['2804-JP', '2915-JP', '2875-JP', '2809-JP']",181311130
1272,Elior,ELIOR-FR,USD,1704050425.42,1704050425.42,2019-05-15T00:00:00.000Z,"['SW-FR', 'CTRG-FR', 'ISS-DK', 'ALBDM-FR']",3876773670
1283,Empire Company Limited,EMP.A-CA,USD,4011365386.05,4011365386.05,2019-05-15T00:00:00.000Z,"['L-CA', 'MRU-CA', 'ATD.B-CA', 'NWC-CA', 'WN-CA', 'CGX-CA', 'CO-CA', 'GCL-CA']",5020660880
1288,Energizer,ENR-US,USD,3286228492.62,3286228492.62,2019-05-15T00:00:00.000Z,"['KMB-US', 'OGES-US', 'ULBI-US', 'FSTJ-US']",2470000000
1302,Equatorial Palm Oil,PAL-GB,USD,3498645.07,3498645.07,2019-05-15T00:00:00.000Z,"['AEP-GB', 'MPE-GB', 'DKL-GB', 'RPT-GB']",11119933.44
1320,Estee Lauder Companies,EL-US,USD,37269616627.98,37269616627.98,2019-05-15T00:00:00.000Z,"['PG-US', 'AVP-US', 'REV-US', 'NUS-US', 'COTY-US', 'SSDOY-US', 'IPAR-US', 'UL-US']",31040000000
1333,EUROCASH,EUR-PL,PLN,2769349391.4,10620082884.39,2019-05-15T00:00:00.000Z,"['MSM-ZA', 'AMB-PL', 'NCT-PL', 'DUFN-CH', 'BIMAS-TR', 'DIA-ES']",1474141760
1365,Facebook,FB-US,USD,447521657787.12,447521657787.12,2019-05-15T00:00:00.000Z,"['GOOGL-US', 'TWTR-US', 'MSFT-US', 'MEET-US', 'RENN-US', 'WB-US']",305530000000
1404,Felda Global Ventures,FGV-MY,MYR,8361859989.0,34823045415.38,2019-05-15T00:00:00.000Z,"['VOC-VN', 'FGV-MY', '1377-JP']",1795087560
1421,Feronia,FRN-CA,USD,53208811.59,53208811.59,2019-05-15T00:00:00.000Z,"['VFF-CA', 'IGP-CA', 'FLAF-US', 'ANFI-US']",53824023.17
1432,Fidelity National Information Services,FIS-US,USD,37945667214.0,37945667214.0,2019-05-15T00:00:00.000Z,"['GPN-US', 'FISV-US', 'MA-US', 'TSS-US', 'V-US', 'EEFT-US', 'ADS-US', 'ACIW-US', 'EVTC-US']",17820000000
1444,First Pacific Company Limited,142-HK,HKD,13252039684.2,104017214817.09,2019-05-15T00:00:00.000Z,"['INDF-ID', '345-HK', '1076-HK', '000716-CN']",3237872220
1445,First Resources,EB5-SG,SGD,2692924047.3,3687356501.54,2019-05-15T00:00:00.000Z,"['P8Z-SG', 'E5H-SG', '5JS-SG', 'F34-SG']",
1458,Fluor Corporation,FLR-US,USD,4155841314.9,4155841314.9,2019-05-15T00:00:00.000Z,"['KBR-US', 'JEC-US', 'ACM-US', 'TPC-US', 'MDR-US', 'MTZ-US', 'PWR-US']",6230000000
1464,Fonterra,FCG-NZ,USD,10372263705.51,10372263705.51,2019-05-15T00:00:00.000Z,"['SML-NZ', 'ATM-NZ', 'CGF-NZ', 'LIC-NZ']",6575025320
1488,ForFarmers,FFARM-NL,USD,627677080.0,627677080.0,2019-05-15T00:00:00.000Z,"['SNFC-EG', 'SCHO-DK', 'VZAS-RS', 'WALG-GB']",786746150.2
1530,FUJITSU,6702-JP,JPY,1504116977007.0,164884946841253.4,2019-05-15T00:00:00.000Z,"['6971-JP', '6501-JP', '6758-JP', '6752-JP']",17464590
1586,General Mills,GIS-US,USD,31382619591.21,31382619591.21,2019-05-15T00:00:00.000Z,"['K-US', 'MDLZ-US', 'THS-US', 'SJM-US', 'HAIN-US', 'CAG-US', 'POST-US']",34840000000
1588,GENERIX,GENX-FR,USD,89868283.45,89868283.45,2019-05-15T00:00:00.000Z,"['PROL-FR', 'QTE-FR', 'CAS-FR', 'ITE-FR', 'LIN-FR', 'TES-FR']",69727629.51
1621,Givaudan,GIVN-CH,CHF,23662830880.0,23880386140.21,2019-05-15T00:00:00.000Z,"['CBE-FR', 'TET-GB', 'ALPHY-FR', 'SUY1V-FI']",19707773100
1645,Godrej Consumer Products,GODREJCP-IN,USD,9313021710.72,9313021710.72,2019-05-15T00:00:00.000Z,"['JYOTHYLA-IN', 'KOHINOOR-BD', 'JOCIL-IN', 'JHS-IN']",8488969720
1647,Godrej Industries,GODREJIN-IN,INR,149698000000.0,10485273910553.78,2019-05-15T00:00:00.000Z,"['AMANFEED-BD', 'AJOONI-IN', 'AVANTIFE-IN', 'CPF-F-TH']",2603270180
1648,Golden Agri-Resources,GODREJAG-IN,USD,1282866108.59,1282866108.59,2019-05-15T00:00:00.000Z,"['AMANFEED-BD', 'AJOONI-IN', 'AVANTIFE-IN', 'CPF-F-TH']",5010000000
1649,Golden Plantation TBK,GOLL-ID,USD,13089288425.0,13089288425.0,2019-05-15T00:00:00.000Z,"['MRG-AU', 'KLUANG-MY', 'SBAGAN-MY', 'SEK-NZ']",
1687,Greencore Group plc,GNC-GB,USD,784384131.85,784384131.85,2019-05-15T00:00:00.000Z,"['PFD-GB', 'CWK-GB', 'ULVR-GB']",1829126390
1789,h2o-retailing,8242-JP,JPY,143706852113.0,15753493267874.73,2019-05-15T00:00:00.000Z,"['8273-JP', '8237-JP', '8289-JP']",1570716290
1797,Hain Celestial,HAIN-US,USD,2549569037.76,2549569037.76,2019-05-15T00:00:00.000Z,"['GIS-US', 'MDLZ-US', 'CPB-US', 'THS-US', 'SJM-US']",3900000000
1819,Hap Seng Plantations Holdings,HSPLANT-MY,USD,299235315.9,299235315.9,2019-05-15T00:00:00.000Z,"['RVIEW-MY', 'SBI-AU', 'SELI.N00-LK', 'RSAWIT-MY']",
1833,Hasbro,HAS-US,USD,12258190898.4,12258190898.4,2019-05-15T00:00:00.000Z,"['MAT-US', 'JAKK-US', 'EA-US', 'SGMS-US', 'ATVI-US', 'IGT-US', 'DIS-US', 'VIAB-US']",10820000000
1853,Heineken International,HEIA-NL,EUR,55296016347.26,49358222212.77,2019-05-15T00:00:00.000Z,"['ABI-BE', 'HEIO-NL', 'DGE-GB']",55263028590
1868,Henkel,HEN-DE,EUR,20939547525.0,18691018052.43,2019-05-15T00:00:00.000Z,"['BEI-DE', 'UNA-NL', 'OR-FR']",52070391450
1875,Hero Supermarket,HERO-ID,USD,264465435000.0,264465435000.0,2019-05-15T00:00:00.000Z,"['AMRT-ID', 'RANC-ID', '2912-TW', '007070-KR']",361440000
1881,Hewlett-Packard (HP inc.),HPQ-US,USD,28832430011.81,28832430011.81,2019-05-15T00:00:00.000Z,"['IBM-US', 'AAPL-US', 'MSFT-US', 'CSCO-US', 'LNVGY-US', 'INTC-US', 'SMCI-US', 'XRX-US', 'CAJ-US', 'ORCL-US']",31120000000
1891,Hindustan Unilever Limited,HINDUNIL-IN,USD,51494989138.16,51494989138.16,2019-05-15T00:00:00.000Z,"['JYOTHYLA-IN', 'KOHINOOR-BD', 'JOCIL-IN', 'JHS-IN']",26744400000
1899,HITACHI TRANSPORT SYSTEM,9086-JP,USD,3155427428.6,3155427428.6,2019-05-15T00:00:00.000Z,"['9072-JP', '9075-JP', '9039-JP']",1609779600
1900,HITACHI ZOSEN,7004-JP,JPY,62867104841.0,6891644332343.41,2019-05-15T00:00:00.000Z,"['6370-JP', '6302-JP', '6013-JP', '6143-JP']",788437650
1903,HKScan Group,HKSAV-FI,EUR,91918588.86,82048191.43,2019-05-15T00:00:00.000Z,"['BELL-CH', 'ATRAV-FI', 'TERB-BE', 'FLE-FR']",185542170.7
1934,House Foods,2810-JP,USD,4072668616.57,4072668616.57,2019-05-15T00:00:00.000Z,"['2805-JP', '2812-JP', '2815-JP']",2599186590
1969,Iberdrola,IBE-ES,USD,47535694225.45,47535694225.45,2019-05-15T00:00:00.000Z,"['ELE-ES', 'REE-ES', 'ENEL-IT']",42036389010
1975,ICA Gruppen,ICA-SE,USD,7811505681.56,7811505681.56,2019-05-15T00:00:00.000Z,"['MQ-SE', 'MCAP-SE', 'STG-DE', 'NIS-SE']",6900424080
2001,IJM Plantations Berhad,IJMPLNT-MY,USD,312606956.1,312606956.1,2019-05-15T00:00:00.000Z,"['RVIEW-MY', 'SBI-AU', 'SELI.N00-LK', 'RSAWIT-MY']",
2020,Inditex,ITX-ES,EUR,78776656982.1,70317465838.47,2019-05-15T00:00:00.000Z,"['ALY-GB', 'MUL-GB', 'BOSS-DE', 'ADZ-ES']",98420098392
2022,Indofood Agri Resources,5JS-SG,IDR,383873745.75,5546977339350.65,2019-05-15T00:00:00.000Z,"['EB5-SG', 'E5H-SG', 'P8Z-SG', 'F34-SG']",480506993.2
2024,Indofood Sukses Makmur,INDF-ID,USD,3919833258928.5,3919833258928.5,2019-05-15T00:00:00.000Z,"['ICBP-ID', 'SAF-VN', 'AISA-ID', '017810-KR']",5025600000
2044,INGLES MARKETS,IMKTA-US,USD,432266944.15,432266944.15,2019-05-15T00:00:00.000Z,"['WMK-US', 'KR-US', 'CBD-US', 'VLGEA-US']",760270000
2066,Intel,INTC-US,USD,205229254324.04,205229254324.04,2019-05-15T00:00:00.000Z,"['TXN-US', 'AMD-US', 'NVDA-US', 'AMAT-US', 'QCOM-US', 'HPQ-US']",173530000000
2079,International Flavors & Fragrances,IFF-US,USD,14466251265.83,14466251265.83,2019-05-15T00:00:00.000Z,"['SXT-US', 'GRA-US', 'SCL-US', 'EL-US', 'BCPC-US', 'PG-US', 'AMRS-US', 'UG-US']",10280000000
2081,International Paper APPM,IPAPPM-IN,USD,216650550.36,216650550.36,2019-05-15T00:00:00.000Z,"['BPML-BD', 'BALLARPU-IN', 'BALKRISH-IN', 'C71-SG']",212617980
2082,International Paper Co.,IP-US,USD,17808508804.32,17808508804.32,2019-05-15T00:00:00.000Z,"['UFS-US', 'UPMKY-US', 'CLW-US', 'PKG-US', 'SPPJY-US', 'CMPC-CL', 'UFS-CA']",25480000000
2093,IOI Group,IOIPG-MY,USD,1650918985.37,1650918985.37,2019-05-15T00:00:00.000Z,"['ALL-TH', 'AMPROP-MY', 'ADN-SG', 'ACST-ID']",6986286720
2115,Ito En,2593-JP,JPY,472870392720.0,51837198009418.48,2019-05-15T00:00:00.000Z,"['2579-JP', '2590-JP', '2599-JP', '2573-JP']",3858071360
2116,Itochu Corporation,8001-JP,USD,27826724011.76,27826724011.76,2019-05-15T00:00:00.000Z,"['8002-JP', '8031-JP', '8053-JP', '2768-JP', '8015-JP']",21008130000
2127,J Sainsbury,SBRY-GB,USD,3542574157.5,3542574157.5,2019-05-15T00:00:00.000Z,"['MRW-GB', 'TSCO-GB', 'CO-FR', 'MCLS-GB', 'MKS-GB', 'COLR-BE']",8555126580
2129,J. Front Retailing,3086-JP,USD,2909164458.86,2909164458.86,2019-05-15T00:00:00.000Z,"['8242-JP', '3099-JP', '8233-JP', '8273-JP', '7453-JP']",3581675240
2147,JAPAN TRANSCITY,9310-JP,USD,262084100.23,262084100.23,2019-05-15T00:00:00.000Z,"['9351-JP', '9324-JP', '9322-JP', '9313-JP', '9307-JP', '9302-JP', '9364-JP', '9306-JP', '9304-JP']",200547490
2152,Jaya Tiasa Holding Berhad,JTIASA-MY,MYR,527555095.0,2197008208.28,2019-05-15T00:00:00.000Z,"['TNC-VN', 'TRC-VN', 'WTK-MY', 'TADMAX-MY']",
2153,JBS,JBSS3-BR,USD,14758494945.52,14758494945.52,2019-05-15T00:00:00.000Z,"['MRFG3-BR', 'BRFS3-BR', 'BEEF3-BR', 'MNPR3-BR']",7937974940
2159,Jeronimo Martins,JMT-PT,EUR,8590695787.4,7668210110.72,2019-05-15T00:00:00.000Z,"['CO-FR', 'SON-PT', 'FNTS-FR', 'MRW-GB', 'CA-FR']",11391416190
2179,Johnson Controls,JCI-US,USD,35069583555.05,35069583555.05,2019-05-15T00:00:00.000Z,"['LEA-US', 'HON-US', 'MGA-US', 'BWA-US', 'ALV-US', 'GNTX-US', 'VC-US', 'DLPH-US', 'EMR-US', 'THRM-US']",41380000000
2208,Kagome,2811-JP,JPY,235344953532.0,25799083944719.33,2019-05-15T00:00:00.000Z,"['2599-JP', '2579-JP', '2590-JP', '2587-JP']",1783497430
2210,Kajima Corporation,1812-JP,JPY,792890218408.0,86918546570294.06,2019-05-15T00:00:00.000Z,"['1803-JP', '1879-JP', '1885-JP']",6190842801
2214,Kameda Seika,2220-JP,JPY,98569004325.0,10805373043965.89,2019-05-15T00:00:00.000Z,"['2222-JP', '2206-JP', '2207-JP', '2607-JP']",851124560
2218,Kao Corporation,4452-JP,JPY,4202410371280.0,460678405513675.6,2019-05-15T00:00:00.000Z,"['4911-JP', '4912-JP', '4919-JP', '4929-JP']",32144970000
2229,Kato Sangyo,9869-JP,USD,1141513737.52,1141513737.52,2019-05-15T00:00:00.000Z,"['7451-JP', '7481-JP', '2692-JP', '8142-JP']",1171730560
2235,KBR Inc,KBR-US,USD,3198532490.51,3198532490.51,2019-05-15T00:00:00.000Z,"['FLR-US', 'JEC-US', 'TPC-US', 'MDR-US', 'MTZ-US', 'GVA-US', 'PRIM-US', 'E-US']",2140000000
2240,Kencana Agri,BNE-SG,USD,40181564.78,40181564.78,2019-05-15T00:00:00.000Z,"['BNE-SG', '1J7-SG', '002679-CN']",
2245,Kering,KER-FR,EUR,65235897745.2,58230739750.51,2019-05-15T00:00:00.000Z,"['RMS-FR', 'CDI-FR', 'OR-FR', 'STCBV-FI', 'MKS-GB']",40852724220
2246,Kerry Group,KRZ-IE,USD,16536011367.49,16536011367.49,2019-05-15T00:00:00.000Z,"['TIPI-FR', 'RGD-GB', 'YZA-IE', 'FIF-GB']",14171399550
2248,Kesko Group,KESKOB-FI,USD,2765518645.01,2765518645.01,2019-05-15T00:00:00.000Z,"['MGNT-RU', 'MGNT-GB', 'MGROS-TR', 'MRW-GB']",4669503300
2263,Kikkoman,2801-JP,USD,8951601572.59,8951601572.59,2019-05-15T00:00:00.000Z,"['2816-JP', '2818-JP', '2809-JP', '4526-JP', '2806-JP']",6611908160
2265,Kimberly-Clark,KMB-US,USD,44236145111.1,44236145111.1,2019-05-15T00:00:00.000Z,"['PG-US', 'CLX-US', 'CL-US', 'EL-US', 'WPP-US', 'CLW-US', 'ENR-US', 'JNJ-US']",45420000000
2268,Kingfisher,KGF-GB,GBP,4916566048.72,3838414856.18,2019-05-15T00:00:00.000Z,"['TPK-GB', 'HBM-DE', 'TPT-GB', 'DNLM-GB', 'ALY-GB']",9664124470
2271,Kingspan Group,KRX-IE,USD,7198506180.27,7198506180.27,2019-05-15T00:00:00.000Z,"['ALU-GB', 'TYMN-GB', 'DLX-DE', 'ECEL-GB', 'MEVA-GR', 'INSP-GB', 'BMT-GB']",6113791530
2274,Kirin Holdings,2503-JP,USD,17877992770.19,17877992770.19,2019-05-15T00:00:00.000Z,"['2502-JP', '2501-JP', '2531-JP', '2282-JP']",21683090000
2278,Klabin,KLBN11-BR,USD,0.0,0.0,2019-05-15T00:00:00.000Z,"['MPA-VE', 'SV.A-VE', 'MOAR3-BR', 'CMPC-CL']",6174255360
2280,KLM (Royal Dutch Airlines),KLMR-US,USD,468565086.99,468565086.99,2019-05-15T00:00:00.000Z,"['LTM-CL', 'LTM-US', 'LUV-US', 'KLMR-US']",2139284070
2290,Kokuyo Co.,7984-JP,USD,1517277259.95,1517277259.95,2019-05-15T00:00:00.000Z,"['7987-JP', '7994-JP', '7972-JP', '7997-JP']",1405519830
2306,Kraft Heinz,KHC-US,USD,39495600000.0,39495600000.0,2019-05-15T00:00:00.000Z,"['GIS-US', 'CPB-US', 'CAG-US', 'K-US']",106230000000
2305,Kraft Heniz Co,KHC-US,USD,39495600000.0,39495600000.0,2019-05-15T00:00:00.000Z,"['GIS-US', 'CPB-US', 'CAG-US', 'K-US']",89820000000
2308,Kroger,KR-US,USD,20125825308.65,20125825308.65,2019-05-15T00:00:00.000Z,"['SFM-US', 'IMKTA-US', 'WMT-US']",20460000000
2315,Kuala Lumpur Kepong Berhad (KLK),KLK-MY,USD,6232948641.11,6232948641.11,2019-05-15T00:00:00.000Z,"['RVIEW-MY', 'SBI-AU', 'SELI.N00-LK', 'RSAWIT-MY']",6115311160
2326,Kusuri No Aoki,3549-JP,USD,2094108640.57,2094108640.57,2019-05-15T00:00:00.000Z,"['6469-TW', '6566-TW', '7649-JP', '9267-JP']",1417331630
2387,Lawson,2651-JP,USD,4560545893.65,4560545893.65,2019-05-15T00:00:00.000Z,"['8028-JP', '9946-JP', '7544-JP', '7601-JP']",6422919360
2409,Lenzing,LNZ-AT,USD,2247851022.05,2247851022.05,2019-05-15T00:00:00.000Z,"['LTH-AT', 'NBH-DE', 'SIOE-BE', 'NAYP-GR']",3464119890
2422,LG International,001120-KR,USD,707464256700.0,707464256700.0,2019-05-15T00:00:00.000Z,"['011760-KR', '001250-KR', '011810-KR', '005190-KR']",906880000
2436,Life Corporation,8194-JP,JPY,98800223008.0,10830719796138.73,2019-05-15T00:00:00.000Z,"['9948-JP', '9956-JP', '3038-JP', '9993-JP']",1474618860
2441,Lindt & Spr\FCngli,LISN-CH,USD,10161838572.14,10161838572.14,2019-05-15T00:00:00.000Z,"['BARN-CH', 'KENT-TR', 'ARYN-CH', 'NESN-CH']",14716328050
2444,Lion Corporation,4912-JP,USD,5413340780.07,5413340780.07,2019-05-15T00:00:00.000Z,"['4465-JP', '2733-JP', '4985-JP', '8283-JP']",5077555340
2451,Lloyd's Banking Group,LLOY-GB,USD,33420355740.72,33420355740.72,2019-05-15T00:00:00.000Z,"['RBS-GB', 'BARC-GB', 'HSBA-GB']",42677088300
2474,Lowe's Companies,LOW-US,USD,85657202803.54,85657202803.54,2019-05-15T00:00:00.000Z,"['HD-US', 'LL-US', 'SHOS-US', 'BLDR-US']",71190000000
2489,LVMH - Moet Hennessy Louis Vuitton,MC-FR,USD,151344053182.76,151344053182.76,2019-05-15T00:00:00.000Z,"['RI-FR', 'CDI-FR', 'RCO-FR', 'CFR-CH', 'CFR-ZA', 'BRBY-GB']",129073758660
2495,M.P. Evans Group,MPE-GB,USD,367275995.52,367275995.52,2019-05-15T00:00:00.000Z,"['AEP-GB', 'PAL-GB', 'AGTA-GB']",
2513,Magnit Group,MGNT-RU,USD,5668750847.53,5668750847.53,2019-05-15T00:00:00.000Z,"['MGROS-TR', 'TKM1T-EE', 'APTK-RU', 'VCTR-IL']",12807264400
2543,Marfrig,MRFG3-BR,BRL,3931547553.45,15716363977.09,2019-05-15T00:00:00.000Z,"['BEEF3-BR', 'JBSS3-BR', 'BRFS3-BR']",967201060
2549,Marks & Spencer,MKS-GB,GBP,4459057884.68,3481233417.69,2019-05-15T00:00:00.000Z,"['STCAS-FI', 'FCCN-GB', 'MTC-GB']",6250715380
2561,Marubeni,8002-JP,USD,11181049925.27,11181049925.27,2019-05-15T00:00:00.000Z,"['8001-JP', '8053-JP', '8031-JP', '2768-JP', '8015-JP']",9702550000
2577,Mayr-Melnhof Karton Aktiengesellschaft,MMK-AT,EUR,2260000000.0,2017316790.06,2019-05-15T00:00:00.000Z,"['SK3-IE', 'PPAK-GR', 'HUH1V-FI', 'HART-DK']",2649671640
2579,Mazda Motor Corporation,7261-JP,USD,6999250192.5,6999250192.5,2019-05-15T00:00:00.000Z,"['7211-JP', '7201-JP', '7270-JP', '7269-JP', '7267-JP', '7202-JP', '7205-JP', '600477-CN']",8065097040
2584,McCormick,MKC-US,USD,18981803028.45,18981803028.45,2019-05-15T00:00:00.000Z,"['THS-US', 'CAG-US', 'HAIN-US', 'PEP-US', 'BGS-US', 'TSN-US', 'BRK.A-US']",13940000000
2586,McDonald\92s,MCD-US,USD,152660491591.72,152660491591.72,2019-05-15T00:00:00.000Z,"['WEN-US', 'YUM-US', 'SBUX-US', 'JACK-US', 'CMG-US', 'GTIM-US', 'ARCO-US', 'TAST-US', 'CBRL-US', 'DRI-US']",104890000000
2604,Megmilk Snow Brand,2270-JP,JPY,148466907024.0,16275302018762.88,2019-05-15T00:00:00.000Z,"['2264-JP', '2267-JP', '2266-JP', '2269-JP']",2002690690
2606,Meiji Holdings,2269-JP,JPY,1160266104000.0,127191181140998.3,2019-05-15T00:00:00.000Z,"['2206-JP', '2267-JP', '2264-JP', '2266-JP']",12149280000
2626,Metcash,MTS-AU,USD,3903738811.47,3903738811.47,2019-05-15T00:00:00.000Z,"['WES-AU', 'WOW-AU', 'MYR-AU', 'TWE-AU']",2226506560
2628,Metro AG,B4B-DE,EUR,5090320738.36,4543712164.73,2019-05-15T00:00:00.000Z,"['MGNT-RU', 'MGNT-GB', 'MGROS-TR', 'MRW-GB']",10631264490
2630,Metsa Board Corporation,METSA-FI,USD,226614425.53,226614425.53,2019-05-15T00:00:00.000Z,"['STERV-FI', 'VALMT-FI', 'EXAC-FR', 'SEQ-FR']",2443344750
2638,Microsoft,MSFT-US,USD,965668314278.4,965668314278.4,2019-05-15T00:00:00.000Z,"['ORCL-US', 'IBM-US', 'GOOGL-US', 'HPQ-US', 'CSCO-US', 'AAPL-US', 'RHT-US', 'SAP-US']",452750000000
2644,Millennium & Copthorne Hotels,MLC-GB,USD,1152786454.31,1152786454.31,2019-05-15T00:00:00.000Z,"['IHG-GB', 'PHO-GB', 'SSTY-GB']",2131580360
2652,Minerva,BEEF3-BR,USD,755836761.3,755836761.3,2019-05-15T00:00:00.000Z,"['MRFG3-BR', 'JBSS3-BR', 'BRFS3-BR']",598625720
2681,Mondelez,MDLZ-US,USD,74657786010.93,74657786010.93,2019-05-15T00:00:00.000Z,"['CPB-US', 'GIS-US', 'K-US', 'PEP-US', 'HAIN-US', 'CAG-US', 'HSY-US', 'JJSF-US']",60920000000
2682,Mondi,MND-ZA,USD,2512593694.55,2512593694.55,2019-05-15T00:00:00.000Z,"['SAP-ZA', 'MPT-ZA', 'NPK-ZA', 'TPC-ZA', 'METSA-FI']",2471449590
2685,Monsanto,MONSANTO-IN,INR,41171653980.0,2883779805547.45,2019-05-15T00:00:00.000Z,"['EXCELCRO-IN', 'DHANUKA-IN', 'CPC-VN', 'BHARATRA-IN']",44100000000
2689,Morgan Sindall Group,MGNS-GB,GBP,592081101.78,462243947.22,2019-05-15T00:00:00.000Z,"['KIE-GB', 'BBY-GB', 'CLLN-GB', 'GFRD-GB', 'RNWH-GB', 'ASH-GB', 'KLR-GB', 'PEL-GB', 'SMJ-GB']",712221489.1
2712,Mulberry Company (Design),MUL-GB,USD,131854054.75,131854054.75,2019-05-15T00:00:00.000Z,"['BRBY-GB', 'ALY-GB', 'BLT1T-EE', 'FCCN-GB']",963488725.3
2748,Nankai Electric Railway Co.,9044-JP,USD,2907259218.12,2907259218.12,2019-05-15T00:00:00.000Z,"['9001-JP', '9021-JP', '9007-JP', '9009-JP']",2674191520
2760,National Grid,NG.-GB,GBP,28754784481.05,22449162859.71,2019-05-15T00:00:00.000Z,"['00000747-LU', 'NVNG-RU', 'ODEN-UA', 'NNSB-RU']",53779196380
2769,Natura Cosmeticos,NATU3-BR,BRL,22534083312.0,90080013126.29,2019-05-15T00:00:00.000Z,"['UCL-TT', 'INTINDI1-PE', 'EL-US', 'EMPO-US']",3148969180
2784,Natuzzi,NTZ-US,USD,8776487.2,8776487.2,2019-05-15T00:00:00.000Z,"['HOFT-US', 'LZB-US', 'FLXS-US', 'STLY-US', 'BSET-US']",91570000
2786,NCR JAPAN,NCR-US,USD,3744718000.0,3744718000.0,2019-05-15T00:00:00.000Z,"['DBD-US', 'HPQ-US', 'PAR-US', 'ZBRA-US', 'AGYS-US', 'USAT-US']",3360000000
2789,Neste Oil,NESTE-FI,EUR,22855853831.65,20401547648.58,2019-05-15T00:00:00.000Z,"['MOH-GR', 'ERG-IT', 'ELPE-GR', 'ES-FR']",14279992650
2791,Nestl\E9,NESN-CH,CHF,302287470000.0,305066690691.18,2019-05-15T00:00:00.000Z,"['BN-FR', 'LISN-CH', 'UNA-NL']",249691332700
2812,News Corp,NWS-US,USD,2341662715.2,2341662715.2,2019-05-15T00:00:00.000Z,"['NEWM-US', 'DIS-US', 'CBS-US', 'GCI-US', 'NYT-US', 'PSO-US', 'TRI-US', 'LEE-US']",7650000000
2824,Nielsen,NLSN-US,USD,8471422353.62,8471422353.62,2019-05-15T00:00:00.000Z,"['IT-US', 'GOOGL-US', 'GCI-US', 'FORR-US', 'SCOR-US', 'JW.B-US', 'PSO-US', 'IBM-US']",18340000000
2827,Nike,NKE-US,USD,105577453724.39,105577453724.39,2019-05-15T00:00:00.000Z,"['SKX-US', 'CROX-US', 'DECK-US', 'SHOO-US', 'UA-US', 'VFC-US']",88510000000
2833,Nippon Meat Packers,2282-JP,USD,4122514684.19,4122514684.19,2019-05-15T00:00:00.000Z,"['2281-JP', '2288-JP', '2291-JP', '8043-JP']",6221950020
2834,Nippon Paper Group,3863-JP,USD,2080288559.81,2080288559.81,2019-05-15T00:00:00.000Z,"['3861-JP', '3864-JP', '3877-JP', '3880-JP']",2012730720
2836,Nippon Suisan Kaisha,1332-JP,USD,1919294302.25,1919294302.25,2019-05-15T00:00:00.000Z,"['1301-JP', '2874-JP', '1333-JP', '2904-JP']",1763501740
2838,Nisshin Oillio,2602-JP,USD,987414677.16,987414677.16,2019-05-15T00:00:00.000Z,"['4404-JP', '2926-JP', '2607-JP', '2908-JP']",987129000
2839,Nisshin Seifun Group,2002-JP,USD,6818736939.32,6818736939.32,2019-05-15T00:00:00.000Z,"['2004-JP', '2001-JP', '2009-JP', '2003-JP']",4830182500
2868,North West Company,NWC-CA,USD,1063166678.06,1063166678.06,2019-05-15T00:00:00.000Z,"['ATD.B-CA', 'WN-CA', 'EMP.A-CA', 'L-CA', 'DOL-CA', 'HBC-CA', 'MRU-CA', 'LGT.B-CA']",1135289890
2893,Obrascon Huarte Lain (OHL),OHL-ES,USD,290938647.4,290938647.4,2019-05-15T00:00:00.000Z,"['ACS-ES', 'SCYR-ES', 'FCC-ES', 'FER-ES', 'ANA-ES']",1455147540
2899,Office Depot,ODP-US,USD,1174497035.65,1174497035.65,2019-05-15T00:00:00.000Z,"['STMP-US', 'WSM-US', 'PIR-US', 'EBAY-US', 'BIG-US']",1832000000
2905,Oji Holdings Corporation,3861-JP,JPY,596740709853.0,65416162257482.32,2019-05-15T00:00:00.000Z,"['3880-JP', '3865-JP', '3863-JP', '3864-JP']",4424700280
2906,O'Key Group,OKEY-GB,RUB,470879500.0,30384021979.55,2019-05-15T00:00:00.000Z,"['HAGA-IS', 'MGNT-GB', 'BME-GB', 'MRW-GB']",589270000
2909,Olam International,O32-SG,SGD,5919318561.24,8105181356.06,2019-05-15T00:00:00.000Z,"['506-HK', 'INDF-ID', '151-HK']",5373126040
2942,Oriflame Cosmetics,ORI-SE,USD,1026340669.0,1026340669.0,2019-05-15T00:00:00.000Z,"['SAR-GR', 'SWL-GB', 'CRL-GB', 'NICO-SE']",1955003160
2943,Origin Energy,ORG-AU,AUD,13086208924.56,18938383048.41,2019-05-15T00:00:00.000Z,"['9503-JP', 'EWC-AU', 'WPL-AU', 'QTM-AU']",10893727680
2945,Orkla,ORK-NO,NOK,75403842437.84,656329098241.55,2019-05-15T00:00:00.000Z,"['STAL-FR', 'NHY-NO', 'GOD-NO', 'AMAG-AT']",9013257540
3000,Paltac,8283-JP,USD,3415396393.1,3415396393.1,2019-05-15T00:00:00.000Z,"['7444-JP', '7506-JP', '2733-JP', '9852-JP']",2059049850
3035,Pearson,PSON-GB,GBP,6276342307.84,4900006491.96,2019-05-15T00:00:00.000Z,"['DMGT-GB', 'ERM-GB', 'BMY-GB']",7302102990
3045,PepsiCo,PEP-US,USD,181325632109.05,181325632109.05,2019-05-15T00:00:00.000Z,"['KO-US', 'MNST-US', 'MDLZ-US', 'K-US', 'UL-US']",172280000000
3048,Performance Food Group,PFGC-US,USD,4134819283.82,4134819283.82,2019-05-15T00:00:00.000Z,"['SYBRQ-US', 'SYY-US', 'UNFI-US', 'WILC-US']",2290000000
3069,Philips,PHIA-NL,USD,29392940117.59,29392940117.59,2019-05-15T00:00:00.000Z,"['SIE-DE', 'NEWAY-NL', 'ELG-DE', 'SINT-SE']",31111923150
3084,Pioneer Foods,PFG-ZA,USD,1044540646.84,1044540646.84,2019-05-15T00:00:00.000Z,"['AHL-ZA', 'TBS-ZA', 'RCL-ZA', 'CLR-ZA', 'AVI-ZA', 'KAP-ZA', 'BCF-ZA']",2112066540
3102,Podravka,PODR-R-A-HR,USD,411178975.06,411178975.06,2019-05-15T00:00:00.000Z,"['PODR-R-A-HR', 'PENGD-TR', 'SIBG-RU', 'TUKAS-TR']",222126578.4
3120,Post Holdings,POST-US,USD,7864995911.95,7864995911.95,2019-05-15T00:00:00.000Z,"['GIS-US', 'K-US', 'THS-US', 'FLO-US', 'HAIN-US', 'BGS-US', 'PEP-US', 'CAG-US']",5600000000
3128,Prada,1913-HK,EUR,61027952400.0,54474651787.44,2019-05-15T00:00:00.000Z,"['1819-HK', '1836-HK', '1023-HK', '1488-HK']",8995089240
3138,Premier Foods,PFD-GB,GBP,303110380.17,236641463.73,2019-05-15T00:00:00.000Z,"['GNC-GB', 'CWK-GB', 'FIF-GB', 'TATE-GB']",557465874.4
3285,PTT PLC,PTT-TH,USD,42817308782.12,42817308782.12,2019-05-15T00:00:00.000Z,"['TOP-TH', 'PCOR-PH', 'BCP-TH', 'PTTGC-TH']",26890866600
3291,Puma,PUM-DE,EUR,8208357030.0,7326927635.15,2019-05-15T00:00:00.000Z,"['ADS-DE', 'US5-DE', 'ML2-DE', 'LAF-FR']",5407936380
3300,PZ Cussons,PZC-GB,USD,642555852.94,642555852.94,2019-05-15T00:00:00.000Z,"['CRL-GB', 'SWL-GB', 'MCB-GB', 'ULVR-GB', 'PFD-GB']",1973152090
3306,QL Resources Berhad,QL-MY,USD,2607420148.72,2607420148.72,2019-05-15T00:00:00.000Z,"['AMANFEED-BD', 'AJOONI-IN', 'AVANTIFE-IN', 'CPF-F-TH']",
3310,Quanta Computer,2382-TW,TWD,221634785000.0,,2019-05-15T00:00:00.000Z,"['2324-TW', '2357-TW', '2362-TW', '3231-TW', '2353-TW', '2347-TW']",6298038180
3332,Raisio Group,RAIVV-FI,EUR,369765281.76,330059164.28,2019-05-15T00:00:00.000Z,"['CARR-GB', 'PERS-GR', 'MHPC-GB', 'PURE-GB']",705887727.9
3349,Reckitt Benckiser,RB.-GB,USD,34133673898.66,34133673898.66,2019-05-15T00:00:00.000Z,"['RB.-GB', 'PAP-GR', 'SANO1-IL', 'SAR-GR']",72804991350
3363,RELX Group,REL-GB,USD,26834101141.13,26834101141.13,2019-05-15T00:00:00.000Z,"['PSON-GB', 'DMGT-GB', 'ERM-GB', 'BMY-GB', 'HYNS-GB', 'QRT-GB']",22381593780
3372,Resolute Forest Products,RFP-US,USD,627815918.08,627815918.08,2019-05-15T00:00:00.000Z,"['UFS-US', 'MERC-US', 'VRS-US']",394900000
3373,Restaurant Brands International,QSR-CA,USD,22766659377.42,22766659377.42,2019-05-15T00:00:00.000Z,"['PZA-CA', 'SPP-CA', 'GIGL-US', 'WEN-US']",12255489620
3404,Robinsons Retail Holdings,RRHI-PH,USD,2080517287.12,2080517287.12,2019-05-15T00:00:00.000Z,"['000759-CN', '2903-TW', 'O9E-SG', '1700-HK']",2566670920
3425,Royal DSM,DSM-NL,USD,15843515668.79,15843515668.79,2019-05-15T00:00:00.000Z,"['LXS-DE', 'AKZA-NL', 'CPHN-CH', 'EVK-DE']",10957043790
3426,Royal Dutch Shell,RDSA-NL,EUR,126279404311.76,112719275467.76,2019-05-15T00:00:00.000Z,"['FP-FR', 'REP-ES', 'ERG-IT', 'ELPE-GR']",181502507340
3431,Royal KPN,KPN-NL,EUR,11118191467.5,9924298372.79,2019-05-15T00:00:00.000Z,"['E4C-DE', 'TEL-NO', 'TIT-IT', 'BT.A-GB', 'TKA-AT']",15854592600
3437,Ruchi Soya,RUCHISOY-IN,INR,2154706006.2,150921740248.52,2019-05-15T00:00:00.000Z,"['KRETAM-MY', 'MKPL-IN', 'MV4-SG', 'JVLAGRO-IN']",113663700
3447,S & B Foods,2805-JP,JPY,48261839200.0,5290579730565.79,2019-05-15T00:00:00.000Z,"['2810-JP', '2812-JP', '2815-JP', '1203-TW']",635727950
3475,Saint-Gobain,SGO-FR,USD,16528045742.23,16528045742.23,2019-05-15T00:00:00.000Z,"['SAMS-FR', 'CRH-GB', 'TSS-DE', 'LIAB-SE']",23857904070
3486,Sampoerna Agro,SGRO-ID,USD,311763771428.57,311763771428.57,2019-05-15T00:00:00.000Z,"['LSIP-ID', 'GZCO-ID', 'UNSP-ID', '1215-TW']",0
3498,Sanoma,SAA1V-FI,EUR,1386455528.12,1237575228.12,2019-05-15T00:00:00.000Z,"['ILK2S-FI', 'CLE-IT', 'POL-IT', 'TAMN-CH']",1357413750
3501,Santander,SAN-ES,USD,59517223065.25,59517223065.25,2019-05-15T00:00:00.000Z,"['BBVA-ES', 'LLOY-GB', 'BARC-GB', 'CBK-DE', 'HSBA-GB']",97842383100
3505,SAP,SAP-DE,EUR,134834690218.88,120355878080.25,2019-05-15T00:00:00.000Z,"['DSY-FR', 'SFD1-DE', 'CPU2-DE', 'SOW-DE']",97636056210
3507,Sappi Group,SAP-ZA,USD,31612275000.0,31612275000.0,2019-05-15T00:00:00.000Z,"['MND-ZA', 'STEAV-FI', 'MDP-MA', 'RAKT-EG']",2474521240
3509,Sapporo,2501-JP,USD,1582732517.17,1582732517.17,2019-05-15T00:00:00.000Z,"['2502-JP', '2503-JP', '9708-JP']",1780291370
3511,Sarawak Oil Palms,SOP-MY,MYR,1410058780.0,5872203193.89,2019-05-15T00:00:00.000Z,"['RVIEW-MY', 'SBI-AU', 'SELI.N00-LK', 'RSAWIT-MY']",
3566,Sealed Air,SEE-US,USD,6539554644.0,6539554644.0,2019-05-15T00:00:00.000Z,"['BMS-US', 'ATR-US', 'SLGN-US', 'BERY-US', 'SON-US', 'GEF.B-US', 'WPK-CA']",8570000000
3577,Sekisui House,1928-JP,JPY,1204609209502.5,132052179790255.5,2019-05-15T00:00:00.000Z,"['1925-JP', '1739-JP', '8917-JP', '1718-JP', '1928-JP']",10208770000
3583,SENKO,9069-JP,JPY,134831665368.0,14780573796167.5,2019-05-15T00:00:00.000Z,"['9070-JP', '9062-JP', '9306-JP', '9304-JP']",841928230
3594,Seven & I Holdings Co.,3382-JP,JPY,3272903816300.0,358783645166348.9,2019-05-15T00:00:00.000Z,"['8267-JP', '2659-JP', '8028-JP', '9946-JP']",33916740000
3601,SGS SA,SGSN-CH,CHF,19080636589.0,19256063311.15,2019-05-15T00:00:00.000Z,"['ITRK-GB', 'BVI-FR', 'APPS-ES', 'FRS-DE']",
3626,Shiseido Company,4911-JP,JPY,3445953554784.0,377753776723273.8,2019-05-15T00:00:00.000Z,"['4452-JP', '4923-JP', '4918-JP', '4920-JP', '4911-JP']",9111960000
3633,Shoprite Holdings,SHP-ZA,ZAR,97639578050.04,1381883718438.89,2019-05-15T00:00:00.000Z,"['PIK-ZA', 'MSM-ZA', 'TFG-ZA', 'LEW-ZA', 'ITE-ZA', 'SBRY-GB', 'JMT-PT', 'MRW-GB']",7279810500
3650,SIGMAXYZ,6088-JP,USD,207322511.36,207322511.36,2019-05-15T00:00:00.000Z,"['3636-JP', '9757-JP', '4659-JP', '4290-JP']",70448950
3656,Sime Darby,SIME-MY,USD,3588918205.8,3588918205.8,2019-05-15T00:00:00.000Z,"['AHG-AU', '970-HK', 'APE-AU', 'BOGA-ID']",4274018000
3666,Sinar Mas Agro Resources and Technology (SMART),SMAR-ID,USD,845245476279.99,845245476279.99,2019-05-15T00:00:00.000Z,"['TBLA-ID', 'LSIP-ID', 'ANJT-ID', 'BTEK-ID']",715680000
3667,Sinar Mas Group,SMMA-ID,IDR,1310764185600.0,1.894054833197879e+16,2019-05-15T00:00:00.000Z,"['AHAP-ID', 'ASJT-ID', '032830-KR', 'JGICL-PK']",3679200000
3675,SIPEF,SIP-BE,USD,488406110.4,488406110.4,2019-05-15T00:00:00.000Z,"['AEP-GB', 'ALAGR-FR', 'SIPH-FR', 'CBDG-FR']",721470837.8
3690,SLC Agricola,SLCE3-BR,USD,856414736.37,856414736.37,2019-05-15T00:00:00.000Z,"['CRESY-US', 'ANASAC-CL', 'BAHI3-BR', 'BSEV3-BR']",
3705,Smurfit Kappa Group,SK3-IE,EUR,5890282000.8,5257772025.85,2019-05-15T00:00:00.000Z,"['PPAK-GR', 'HART-DK', 'HUH1V-FI', 'PSB-FR']",6765350130
3722,Sodexo,SW-FR,EUR,14566558545.0,13002373064.71,2019-05-15T00:00:00.000Z,"['EDEN-FR', 'CTRG-FR', 'ELIOR-FR', 'GNK-GB', 'CPG-GB']",16006622940
3728,Softbank Group Corp.,9984-JP,USD,99190546070.95,99190546070.95,2019-05-15T00:00:00.000Z,"['9437-JP', '9432-JP', '9433-JP', '3774-JP']",75089300000
3744,Solvay,SOLB-BE,EUR,9244630561.1,8251924092.4,2019-05-15T00:00:00.000Z,"['LXS-DE', 'EVK-DE', 'REC-BE', 'EMSN-CH']",13422107160
3745,Sonae SGPS SA,SON-PT,USD,1713826653.57,1713826653.57,2019-05-15T00:00:00.000Z,"['JMT-PT', 'STG-DE', 'ATEB-BE', 'MQ-SE']",2084987520
3772,Sprint Corp.,S-US,USD,24761452757.48,24761452757.48,2019-05-15T00:00:00.000Z,"['TDS-US', 'SBAC-US', 'TU-US', 'FTR-US']",33890000000
3787,Stanley Black & Decker,SWK-US,USD,20468991594.04,20468991594.04,2019-05-15T00:00:00.000Z,"['SNA-US', 'KMT-US', 'MKTAY-US', 'LECO-US', 'ITW-US', 'MMM-US', 'TTC-US', 'GE-US', 'PFIN-US']",24090000000
3791,Starbucks Coffee Company,SBUX-US,USD,94182912000.0,94182912000.0,2019-05-15T00:00:00.000Z,"['DNKN-US', 'YUM-US', 'MCD-US', 'DRI-US', 'WEN-US', 'PEP-US', 'EAT-US', 'QSR-CA', 'CBRL-US']",82610000000
3814,Stora Enso,STERV-FI,EUR,6313440373.81,5635490827.05,2019-05-15T00:00:00.000Z,"['METSB-FI', 'HUH1V-FI', 'VALMT-FI', 'SAP-ZA']",10153454850
3821,Strauss Group,STRS-IL,ILS,10865571369.34,38766124041.09,2019-05-15T00:00:00.000Z,"['CRMT-IL', 'ANGL-IL', 'GSFI-IL', 'KRUR-IL']",1906466000
3832,Suedzucker,SZU-DE,USD,2507865837.65,2507865837.65,2019-05-15T00:00:00.000Z,"['CSR-MA', 'TATE-GB', 'AAK-SE', 'NLM-DE']",5353639830
3840,Sumitomo Forestry Co.,1911-JP,JPY,234333698944.0,25688227766952.39,2019-05-15T00:00:00.000Z,"['E6R-SG', '8894-JP', '9616-JP', '4221-JP']",3028967370
3855,Suntory,2587-JP,USD,13139337530.8,13139337530.8,2019-05-15T00:00:00.000Z,"['2590-JP', '2579-JP', '2599-JP', '2914-JP']",12318020000
3874,Suzano Pulp & Paper,SUZB3-BR,USD,12492478120.82,12492478120.82,2019-05-15T00:00:00.000Z,"['SUZB3-BR', 'SPPJY-US', 'PPAR3-BR', 'NP-US']",9150068340
3887,Swire Pacific,19-HK,HKD,86899776000.0,682089163868.57,2019-05-15T00:00:00.000Z,"['6501-JP', 'J36-SG', '8058-JP']",109970000000
3899,Symrise,SY1-DE,EUR,11516678914.4,10279995460.08,2019-05-15T00:00:00.000Z,"['CBE-FR', 'LXS-DE', 'DESN-CH', 'VBK-DE']",8035889400
3910,Taisei Corporation,1801-JP,USD,8817205367.28,8817205367.28,2019-05-15T00:00:00.000Z,"['1860-JP', '1820-JP', '1883-JP', '1720-JP']",7727701410
3920,Tapestry,TPR-US,USD,9017425481.4,9017425481.4,2019-05-15T00:00:00.000Z,"['VRA-US', 'TPR-US']",12180000000
3922,Target,TGT-US,USD,36503335751.06,36503335751.06,2019-05-15T00:00:00.000Z,"['DG-US', 'COST-US', 'WMT-US', 'KSS-US', 'M-US', 'DLTR-US', 'WMMVY-US', 'FRED-US', 'TUES-US', 'JCP-US']",28000000000
3959,Terna,TRN-IT,EUR,11159475584.0,9961149320.31,2019-05-15T00:00:00.000Z,"['ENEL-IT', 'A2A-IT', 'HER-IT', 'ACE-IT', 'IRE-IT', 'ELEC-FR']",8861196960
3963,Terra Santa Agro,TESA3-BR,USD,73092637.73,73092637.73,2019-05-15T00:00:00.000Z,"['TESA3-BR', 'SLCE3-BR']",60045622.84
3967,Tesco,TSCO-GB,USD,18495622380.0,18495622380.0,2019-05-15T00:00:00.000Z,"['MRW-GB', 'SBRY-GB', 'MCLS-GB', 'JMT-PT', 'CA-FR']",33799951276
3996,Thomas Cook Group,TCG-GB,USD,273630050.8,273630050.8,2019-05-15T00:00:00.000Z,"['CCL-GB', 'MIN-GB', 'EDR-ES', 'LMN-CH']",1886736670
4007,Tiffany & Co.,TIF-US,USD,11942758774.52,11942758774.52,2019-05-15T00:00:00.000Z,"['SIG-US', 'BGI-US', 'DGSE-US', 'CTHR-US']",12010000000
4015,Time Publishing and Media,600551-CN,CNY,4860981094.56,33439367135.09,2019-05-15T00:00:00.000Z,"['601999-CN', '600880-CN', '000719-CN', '600373-CN']",1549558880
4037,Toppan Printing Co.,7911-JP,JPY,583162262136.0,63927659924067.16,2019-05-15T00:00:00.000Z,"['7913-JP', '7916-JP', '7912-JP', '7868-JP']",5830135740
4043,Toyo Suisan Kaisha,2875-JP,JPY,439664897280.0,48197131156801.34,2019-05-15T00:00:00.000Z,"['2871-JP', '2812-JP', '2918-JP', '2907-JP', '2669-JP']",3929110900
4059,Transcontinental,TCL.A-CA,USD,814332167.89,814332167.89,2019-05-15T00:00:00.000Z,"['GVC-CA', 'TS.B-CA', 'QBR.B-CA', 'RCI.B-CA', 'PNC.A-CA']",980157110
4063,Travis Perkins Group,TPK-GB,USD,2683816477.38,2683816477.38,2019-05-15T00:00:00.000Z,"['KGF-GB', 'TPT-GB', 'LTHM-GB', 'CRH-GB', 'HBM-DE']",5372158610
4088,TSH Resources Berhad,TSH-MY,USD,331446032.38,331446032.38,2019-05-15T00:00:00.000Z,"['RVIEW-MY', 'SBI-AU', 'SELI.N00-LK', 'RSAWIT-MY']",
4089,Tsuruha Holdings,3391-JP,JPY,436617927900.0,47863114991883.15,2019-05-15T00:00:00.000Z,"['3034-JP', '3088-JP', '3148-JP']",5013265400
4102,Tyson Foods,TSN-US,USD,24260800000.0,24260800000.0,2019-05-15T00:00:00.000Z,"['PPC-US', 'SAFM-US', 'SEB-US', 'HRL-US', 'BRFS-US']",27350000000
4118,Unicharm Corporation,8113-JP,USD,18202852846.65,18202852846.65,2019-05-15T00:00:00.000Z,"['7956-JP', '3529-JP', '7819-JP']",14933490000
4130,Uni-President Enterprises,1216-TW,USD,14174026117.25,14174026117.25,2019-05-15T00:00:00.000Z,"['1227-TW', '1201-TW', '1203-TW', '1225-TW']",9400833960
4137,United Plantations,UTDPLT-MY,MYR,5464935543.8,22758776024.02,2019-05-15T00:00:00.000Z,"['RVIEW-MY', 'SBI-AU', 'SELI.N00-LK', 'RSAWIT-MY']",
4146,UPM-Kymmene Corporation,UPM-FI,EUR,12538448321.46,11192045274.43,2019-05-15T00:00:00.000Z,"['RAKT-EG', 'SAP-ZA', 'NVG-PT', 'NPKZ-ZW']",14638349880
4180,Veolia,VIE-FR,USD,9923205690.62,9923205690.62,2019-05-15T00:00:00.000Z,"['SEV-FR', 'EYAPS-GR', 'WWG-DE', 'HER-IT']",13031172000
4197,Verso Corporation,VRS-US,USD,747634481.44,747634481.44,2019-05-15T00:00:00.000Z,"['GLT-US', 'UFS-US', 'RFP-US', 'NP-US', 'WPP-US', 'SPPJY-US', 'CLW-US', 'AVY-US']",191210000
4200,VF Corporation,VFC-US,USD,35881413770.8,35881413770.8,2019-05-15T00:00:00.000Z,"['RL-US', 'HBI-US', 'PVH-US', 'GIL-US', 'NKE-US', 'CHKE-US', 'VNCE-US', 'GIL-CA', 'ICON-US']",29160000000
4201,VF Outdoors,VFC-US,USD,35881413770.8,35881413770.8,2019-05-15T00:00:00.000Z,"['RL-US', 'HBI-US', 'PVH-US', 'GIL-US', 'NKE-US', 'CHKE-US', 'VNCE-US', 'GIL-CA', 'ICON-US']",24020000000
4211,VINX CORP.,3784-JP,USD,210333271.89,210333271.89,2019-05-15T00:00:00.000Z,"['2384-JP', '2436-JP', '2170-JP', '9644-JP']",51718810
4247,Walgreens Boots Alliance,WBA-US,USD,48220128099.72,48220128099.72,2019-05-15T00:00:00.000Z,"['CVS-US', 'PETS-US', 'CJJD-US', 'RAD-US']",88250000000
4250,Walmart,WMT-US,USD,286368406745.96,286368406745.96,2019-05-15T00:00:00.000Z,"['DG-US', 'TGT-US', 'COST-US', 'JCP-US', 'M-US', 'KSS-US', 'AMZN-US', 'EBAY-US', 'DLTR-US', 'PSMT-US']",222890000000
4251,Walt Disney Company,DIS-US,USD,242383450814.96,242383450814.96,2019-05-15T00:00:00.000Z,"['FOXA-US', 'VIAB-US', 'CMCSA-US', 'CBS-US', 'AMCX-US', 'SNE-US', 'DISCA-US', 'PSO-US']",156510000000
4268,Weis Markets,WMK-US,USD,1081317408.6,1081317408.6,2019-05-15T00:00:00.000Z,"['KR-US', 'IMKTA-US', 'VLGEA-US', 'SPTN-US']",1320000000
4273,Wendy's,WEN-US,USD,4305310922.28,4305310922.28,2019-05-15T00:00:00.000Z,"['JACK-US', 'TAST-US', 'YUM-US', 'DPZ-US', 'MCD-US', 'ARCO-US', 'DNKN-US', 'GTIM-US']",3350000000
4278,Wesfarmers,WES-AU,AUD,41181068800.0,59597310403.15,2019-05-15T00:00:00.000Z,"['WOW-AU', 'MYR-AU', 'BHP-AU', 'IPL-AU']",32428330560
4286,Westpac,WBC-AU,USD,133414270226.43,133414270226.43,2019-05-15T00:00:00.000Z,"['ANZ-AU', 'NAB-AU', 'CBA-AU', 'BOQ-AU']",27132475840
4287,WestRock,WRK-US,USD,9623680822.08,9623680822.08,2019-05-15T00:00:00.000Z,"['BERY-US', 'ATR-US', 'SEE-US', 'SLGN-US']",13870000000
4289,Weyerhaeuser,WY-US,USD,18582414692.0,18582414692.0,2019-05-15T00:00:00.000Z,"['CFP-CA', 'UFPI-US', 'RYN-US']",27980000000
4290,WH Group,288-HK,HKD,114291269632.47,897089038999.23,2019-05-15T00:00:00.000Z,"['834-HK', '1068-HK', '829-HK', '000895-CN']",11883338100
4314,Wilmar International,F34-SG,USD,22145970896.0,22145970896.0,2019-05-15T00:00:00.000Z,"['E5H-SG', 'SMAR-ID', 'LSIP-ID']",16287069960
4318,Wing on Department Stores,289-HK,USD,1002335023.57,1002335023.57,2019-05-15T00:00:00.000Z,"['244-HK', 'SM-PH', '006370-KR', '1212-HK']",996169500
4323,Wipro,WIT-US,USD,26534617382.0,26534617382.0,2019-05-15T00:00:00.000Z,"['CTSH-US', 'IBM-US', 'ACN-US', 'INFY-US', 'HPQ-US']",20058300000
4328,WM Morrison Supermarkets,MRW-GB,USD,3980376732.08,3980376732.08,2019-05-15T00:00:00.000Z,"['SBRY-GB', 'OCDO-GB', 'MGNT-GB', 'JMT-PT', 'CA-FR']",7979023780
4330,Wolverine World Wide,WWW-US,USD,2612050673.85,2612050673.85,2019-05-15T00:00:00.000Z,"['CROX-US', 'SKX-US', 'DECK-US', 'SHOO-US', 'RCKY-US']",2290000000
4336,Woolworths Group,WOW-AU,AUD,43830462259.2,63431516968.67,2019-05-15T00:00:00.000Z,"['WES-AU', 'MYR-AU', 'MTS-AU', 'TWE-AU']",23339688640
4337,Woolworths Holdings,WHL-ZA,USD,3468298505.37,3468298505.37,2019-05-15T00:00:00.000Z,"['MSM-ZA', 'TFG-ZA', 'BVT-ZA', 'SHP-ZA', 'LEW-ZA']",4007274590
4348,X5 Retail Group,FIVE-GB,RUB,7981063896.61,514986999550.63,2019-05-15T00:00:00.000Z,"['MRW-GB', 'TSCO-GB', 'OCDO-GB', 'MGNT-GB', 'SBRY-GB']",4530000000
4362,Yamazaki Baking,2212-JP,USD,3368288404.49,3368288404.49,2019-05-15T00:00:00.000Z,"['2215-JP', '2211-JP', '8182-JP', '8167-JP']",4430690550
4378,Yum! Brands,YUM-US,USD,30707662842.48,30707662842.48,2019-05-15T00:00:00.000Z,"['MCD-US', 'DPZ-US', 'WEN-US', 'DRI-US', 'CMG-US', 'SBUX-US', 'JACK-US', 'FRSH-US', 'ARCO-US', 'EAT-US']",34900000000
4407,Zoetis,ZTS-US,USD,48746346287.76,48746346287.76,2019-05-15T00:00:00.000Z,"['LLY-US', 'PFE-US', 'MRK-US', 'PETX-US', 'ICCC-US', 'PAHC-US', 'KIN-US', 'SNY-US', 'HSKA-US']",24690000000
4428,Amazon,AMZN-US,USD,921226602662.4,921226602662.4,2019-05-15T00:00:00.000Z,"['EBAY-US', 'BKS-US', 'GOOGL-US', 'OSTK-US', 'COST-US', 'WMT-US', 'MELI-US', 'MSFT-US', 'NWSA-US', 'CBS-US']",
4441,Arca Continental,AC*-MX,USD,9974618798.47,9974618798.47,2019-05-15T00:00:00.000Z,"['LBCC-US', 'MLHC-US', 'MNST-US', 'MOJO-US']",
4449,Hugo Boss,BOSS-DE,USD,3544756091.39,3544756091.39,2019-05-15T00:00:00.000Z,"['GWI1-DE', 'ADD-DE', 'STEF-IT', 'MONC-IT']",
